RSS	RMSE	AmplitudeError	PhaseErrorDeg
4.515560e+02	9.503220e+00	8.950642e+00	7.177684e+00
