Period	Re_measured	Im_measured	Re_predicted	Im_predicted
1.000000e-01	1.500000e-02	-8.000000e-03	2.681495e+00	-3.350026e+00
2.000000e-01	1.200000e-02	-7.000000e-03	5.207647e+00	-4.264795e+00
5.000000e-01	1.000000e-02	-5.000000e-03	8.191301e+00	-4.139634e+00
1.000000e+00	7.000000e-03	-3.000000e-03	1.054013e+01	-4.326622e+00
2.000000e+00	4.000000e-03	-1.000000e-03	1.267010e+01	-3.749820e+00
